<?xml version="1.0" encoding="UTF-8"?>
<!-- IMPORTANT: This is an internal file that has been generated
     by the Xilinx ISE software.  Any direct editing or
     changes made to this file may result in unpredictable
     behavior or data corruption.  It is strongly advised that
     users do not edit the contents of this file. -->
<DeviceUsageSummary rev="13">
<DesignStatistics TimeStamp="Sun Dec 29 11:35:58 2013"><group name="NetStatistics">
<item name="NumNets_Active" rev="13">
<attrib name="value" value="240"/></item>
<item name="NumNets_Gnd" rev="13">
<attrib name="value" value="1"/></item>
<item name="NumNets_Vcc" rev="13">
<attrib name="value" value="1"/></item>
<item name="NumNodesOfType_Active_CLKPIN" rev="13">
<attrib name="value" value="41"/></item>
<item name="NumNodesOfType_Active_CNTRLPIN" rev="13">
<attrib name="value" value="31"/></item>
<item name="NumNodesOfType_Active_DOUBLE" rev="13">
<attrib name="value" value="418"/></item>
<item name="NumNodesOfType_Active_DUMMY" rev="13">
<attrib name="value" value="397"/></item>
<item name="NumNodesOfType_Active_DUMMYESC" rev="13">
<attrib name="value" value="34"/></item>
<item name="NumNodesOfType_Active_GLOBAL" rev="13">
<attrib name="value" value="16"/></item>
<item name="NumNodesOfType_Active_HFULLHEX" rev="13">
<attrib name="value" value="3"/></item>
<item name="NumNodesOfType_Active_HUNIHEX" rev="13">
<attrib name="value" value="23"/></item>
<item name="NumNodesOfType_Active_INPUT" rev="13">
<attrib name="value" value="461"/></item>
<item name="NumNodesOfType_Active_IOBOUTPUT" rev="13">
<attrib name="value" value="34"/></item>
<item name="NumNodesOfType_Active_OMUX" rev="13">
<attrib name="value" value="148"/></item>
<item name="NumNodesOfType_Active_OUTPUT" rev="13">
<attrib name="value" value="143"/></item>
<item name="NumNodesOfType_Active_PREBXBY" rev="13">
<attrib name="value" value="20"/></item>
<item name="NumNodesOfType_Active_VFULLHEX" rev="13">
<attrib name="value" value="16"/></item>
<item name="NumNodesOfType_Active_VLONG" rev="13">
<attrib name="value" value="1"/></item>
<item name="NumNodesOfType_Active_VUNIHEX" rev="13">
<attrib name="value" value="36"/></item>
<item name="NumNodesOfType_Gnd_DOUBLE" rev="13">
<attrib name="value" value="1"/></item>
<item name="NumNodesOfType_Gnd_INPUT" rev="13">
<attrib name="value" value="2"/></item>
<item name="NumNodesOfType_Gnd_OMUX" rev="13">
<attrib name="value" value="2"/></item>
<item name="NumNodesOfType_Gnd_OUTPUT" rev="13">
<attrib name="value" value="2"/></item>
<item name="NumNodesOfType_Gnd_PREBXBY" rev="13">
<attrib name="value" value="2"/></item>
</group>
<group name="MiscellaneousStatistics">
<item name="AGG_BONDED_IO" rev="11">
<attrib name="value" value="63"/></item>
<item name="AGG_IO" rev="11">
<attrib name="value" value="63"/></item>
<item name="AGG_SLICE" rev="11">
<attrib name="value" value="74"/></item>
<item name="NUM_4_INPUT_LUT" rev="11">
<attrib name="value" value="136"/></item>
<item name="NUM_BONDED_IOB" rev="11">
<attrib name="value" value="63"/></item>
<item name="NUM_BUFGMUX" rev="11">
<attrib name="value" value="1"/></item>
<item name="NUM_CYMUX" rev="11">
<attrib name="value" value="38"/></item>
<item name="NUM_LUT_RT" rev="11">
<attrib name="value" value="28"/></item>
<item name="NUM_SLICEL" rev="11">
<attrib name="value" value="74"/></item>
<item name="NUM_SLICE_FF" rev="11">
<attrib name="value" value="56"/></item>
<item name="NUM_XOR" rev="11">
<attrib name="value" value="34"/></item>
</group>
<group name="SiteStatistics">
<item name="IOB-DIFFM" rev="13">
<attrib name="value" value="29"/></item>
<item name="IOB-DIFFS" rev="13">
<attrib name="value" value="30"/></item>
<item name="SLICEL-SLICEM" rev="13">
<attrib name="value" value="42"/></item>
</group>
</DesignStatistics>
<DeviceUsage TimeStamp="Sun Dec 29 11:35:58 2013"><group name="SiteSummary">
<item name="BUFGMUX" rev="13">
<attrib name="total" value="1000000"/><attrib name="used" value="1"/></item>
<item name="BUFGMUX_GCLKMUX" rev="13">
<attrib name="total" value="1000000"/><attrib name="used" value="1"/></item>
<item name="BUFGMUX_GCLK_BUFFER" rev="13">
<attrib name="total" value="1000000"/><attrib name="used" value="1"/></item>
<item name="IOB" rev="13">
<attrib name="total" value="1000000"/><attrib name="used" value="63"/></item>
<item name="IOB_INBUF" rev="13">
<attrib name="total" value="1000000"/><attrib name="used" value="35"/></item>
<item name="IOB_OUTBUF" rev="13">
<attrib name="total" value="1000000"/><attrib name="used" value="28"/></item>
<item name="IOB_PAD" rev="13">
<attrib name="total" value="1000000"/><attrib name="used" value="63"/></item>
<item name="SLICEL" rev="13">
<attrib name="total" value="1000000"/><attrib name="used" value="74"/></item>
<item name="SLICEL_C1VDD" rev="13">
<attrib name="total" value="1000000"/><attrib name="used" value="4"/></item>
<item name="SLICEL_C2VDD" rev="13">
<attrib name="total" value="1000000"/><attrib name="used" value="2"/></item>
<item name="SLICEL_CYMUXF" rev="13">
<attrib name="total" value="1000000"/><attrib name="used" value="20"/></item>
<item name="SLICEL_CYMUXG" rev="13">
<attrib name="total" value="1000000"/><attrib name="used" value="18"/></item>
<item name="SLICEL_F" rev="13">
<attrib name="total" value="1000000"/><attrib name="used" value="67"/></item>
<item name="SLICEL_F5MUX" rev="13">
<attrib name="total" value="1000000"/><attrib name="used" value="14"/></item>
<item name="SLICEL_FFX" rev="13">
<attrib name="total" value="1000000"/><attrib name="used" value="33"/></item>
<item name="SLICEL_FFY" rev="13">
<attrib name="total" value="1000000"/><attrib name="used" value="23"/></item>
<item name="SLICEL_G" rev="13">
<attrib name="total" value="1000000"/><attrib name="used" value="69"/></item>
<item name="SLICEL_GNDF" rev="13">
<attrib name="total" value="1000000"/><attrib name="used" value="16"/></item>
<item name="SLICEL_GNDG" rev="13">
<attrib name="total" value="1000000"/><attrib name="used" value="16"/></item>
<item name="SLICEL_XORF" rev="13">
<attrib name="total" value="1000000"/><attrib name="used" value="17"/></item>
<item name="SLICEL_XORG" rev="13">
<attrib name="total" value="1000000"/><attrib name="used" value="17"/></item>
</group>
</DeviceUsage>
<ReportConfigData TimeStamp="Sun Dec 29 11:35:58 2013"><group name="SLICEL">
<item name="BX" rev="13">
<attrib name="BX_INV" value="0"/><attrib name="BX" value="17"/></item>
<item name="BY" rev="13">
<attrib name="BY" value="6"/><attrib name="BY_INV" value="0"/></item>
<item name="CE" rev="13">
<attrib name="CE" value="8"/><attrib name="CE_INV" value="1"/></item>
<item name="CIN" rev="13">
<attrib name="CIN_INV" value="0"/><attrib name="CIN" value="17"/></item>
<item name="CLK" rev="13">
<attrib name="CLK" value="41"/><attrib name="CLK_INV" value="0"/></item>
<item name="SR" rev="13">
<attrib name="SR" value="22"/><attrib name="SR_INV" value="0"/></item>
</group>
<group name="IOB_OUTBUF">
<item name="IN" rev="13">
<attrib name="IN_INV" value="2"/><attrib name="IN" value="26"/></item>
</group>
<group name="SLICEL_CYMUXF">
<item name="0" rev="13">
<attrib name="0" value="20"/><attrib name="0_INV" value="0"/></item>
<item name="1" rev="13">
<attrib name="1_INV" value="0"/><attrib name="1" value="20"/></item>
</group>
<group name="SLICEL_CYMUXG">
<item name="0" rev="13">
<attrib name="0" value="18"/><attrib name="0_INV" value="0"/></item>
</group>
<group name="BUFGMUX_GCLKMUX">
<item name="DISABLE_ATTR" rev="13">
<attrib name="LOW" value="1"/></item>
<item name="S" rev="13">
<attrib name="S_INV" value="1"/><attrib name="S" value="0"/></item>
</group>
<group name="SLICEL_FFX">
<item name="CE" rev="13">
<attrib name="CE" value="8"/><attrib name="CE_INV" value="1"/></item>
<item name="CK" rev="13">
<attrib name="CK" value="33"/><attrib name="CK_INV" value="0"/></item>
<item name="D" rev="13">
<attrib name="D" value="33"/><attrib name="D_INV" value="0"/></item>
<item name="FFX_INIT_ATTR" rev="13">
<attrib name="INIT0" value="30"/><attrib name="INIT1" value="3"/></item>
<item name="FFX_SR_ATTR" rev="13">
<attrib name="SRLOW" value="30"/><attrib name="SRHIGH" value="3"/></item>
<item name="LATCH_OR_FF" rev="13">
<attrib name="FF" value="33"/></item>
<item name="SR" rev="13">
<attrib name="SR" value="15"/><attrib name="SR_INV" value="0"/></item>
<item name="SYNC_ATTR" rev="13">
<attrib name="ASYNC" value="18"/><attrib name="SYNC" value="15"/></item>
</group>
<group name="SLICEL_XORF">
<item name="1" rev="13">
<attrib name="1_INV" value="0"/><attrib name="1" value="17"/></item>
</group>
<group name="SLICEL_FFY">
<item name="CK" rev="13">
<attrib name="CK" value="23"/><attrib name="CK_INV" value="0"/></item>
<item name="D" rev="13">
<attrib name="D" value="23"/><attrib name="D_INV" value="0"/></item>
<item name="FFY_INIT_ATTR" rev="13">
<attrib name="INIT0" value="23"/></item>
<item name="FFY_SR_ATTR" rev="13">
<attrib name="SRLOW" value="18"/><attrib name="SRHIGH" value="5"/></item>
<item name="LATCH_OR_FF" rev="13">
<attrib name="FF" value="23"/></item>
<item name="REV" rev="13">
<attrib name="REV_INV" value="0"/><attrib name="REV" value="2"/></item>
<item name="SR" rev="13">
<attrib name="SR" value="16"/><attrib name="SR_INV" value="0"/></item>
<item name="SYNC_ATTR" rev="13">
<attrib name="ASYNC" value="7"/><attrib name="SYNC" value="16"/></item>
</group>
<group name="IOB_PAD">
<item name="DRIVEATTRBOX" rev="13">
<attrib name="12" value="28"/></item>
<item name="IOATTRBOX" rev="13">
<attrib name="LVCMOS25" value="63"/></item>
<item name="SLEW" rev="13">
<attrib name="SLOW" value="28"/></item>
</group>
<group name="IOB">
<item name="O1" rev="13">
<attrib name="O1_INV" value="2"/><attrib name="O1" value="26"/></item>
</group>
<group name="BUFGMUX">
<item name="S" rev="13">
<attrib name="S_INV" value="1"/><attrib name="S" value="0"/></item>
</group>
<group name="SLICEL_F5MUX">
<item name="S0" rev="13">
<attrib name="S0" value="14"/><attrib name="S0_INV" value="0"/></item>
</group>
</ReportConfigData>
<ReportPinData TimeStamp="Sun Dec 29 11:35:58 2013"><group name="SLICEL">
<item name="BX" rev="13">
<attrib name="value" value="17"/></item>
<item name="BY" rev="13">
<attrib name="value" value="6"/></item>
<item name="CE" rev="13">
<attrib name="value" value="9"/></item>
<item name="CIN" rev="13">
<attrib name="value" value="17"/></item>
<item name="CLK" rev="13">
<attrib name="value" value="41"/></item>
<item name="COUT" rev="13">
<attrib name="value" value="18"/></item>
<item name="F1" rev="13">
<attrib name="value" value="67"/></item>
<item name="F2" rev="13">
<attrib name="value" value="50"/></item>
<item name="F3" rev="13">
<attrib name="value" value="40"/></item>
<item name="F4" rev="13">
<attrib name="value" value="38"/></item>
<item name="G1" rev="13">
<attrib name="value" value="69"/></item>
<item name="G2" rev="13">
<attrib name="value" value="52"/></item>
<item name="G3" rev="13">
<attrib name="value" value="42"/></item>
<item name="G4" rev="13">
<attrib name="value" value="38"/></item>
<item name="SR" rev="13">
<attrib name="value" value="22"/></item>
<item name="X" rev="13">
<attrib name="value" value="31"/></item>
<item name="XB" rev="13">
<attrib name="value" value="1"/></item>
<item name="XQ" rev="13">
<attrib name="value" value="33"/></item>
<item name="Y" rev="13">
<attrib name="value" value="35"/></item>
<item name="YQ" rev="13">
<attrib name="value" value="23"/></item>
</group>
<group name="IOB_OUTBUF">
<item name="IN" rev="13">
<attrib name="value" value="28"/></item>
<item name="OUT" rev="13">
<attrib name="value" value="28"/></item>
</group>
<group name="SLICEL_CYMUXF">
<item name="0" rev="13">
<attrib name="value" value="20"/></item>
<item name="1" rev="13">
<attrib name="value" value="20"/></item>
<item name="OUT" rev="13">
<attrib name="value" value="20"/></item>
<item name="S0" rev="13">
<attrib name="value" value="20"/></item>
</group>
<group name="SLICEL_CYMUXG">
<item name="0" rev="13">
<attrib name="value" value="18"/></item>
<item name="1" rev="13">
<attrib name="value" value="18"/></item>
<item name="OUT" rev="13">
<attrib name="value" value="18"/></item>
<item name="S0" rev="13">
<attrib name="value" value="18"/></item>
</group>
<group name="BUFGMUX_GCLKMUX">
<item name="I0" rev="13">
<attrib name="value" value="1"/></item>
<item name="OUT" rev="13">
<attrib name="value" value="1"/></item>
<item name="S" rev="13">
<attrib name="value" value="1"/></item>
</group>
<group name="SLICEL_C1VDD">
<item name="1" rev="13">
<attrib name="value" value="4"/></item>
</group>
<group name="IOB_INBUF">
<item name="IN" rev="13">
<attrib name="value" value="35"/></item>
<item name="OUT" rev="13">
<attrib name="value" value="35"/></item>
</group>
<group name="SLICEL_FFX">
<item name="CE" rev="13">
<attrib name="value" value="9"/></item>
<item name="CK" rev="13">
<attrib name="value" value="33"/></item>
<item name="D" rev="13">
<attrib name="value" value="33"/></item>
<item name="Q" rev="13">
<attrib name="value" value="33"/></item>
<item name="SR" rev="13">
<attrib name="value" value="15"/></item>
</group>
<group name="SLICEL_XORF">
<item name="0" rev="13">
<attrib name="value" value="17"/></item>
<item name="1" rev="13">
<attrib name="value" value="17"/></item>
<item name="O" rev="13">
<attrib name="value" value="17"/></item>
</group>
<group name="SLICEL_FFY">
<item name="CK" rev="13">
<attrib name="value" value="23"/></item>
<item name="D" rev="13">
<attrib name="value" value="23"/></item>
<item name="Q" rev="13">
<attrib name="value" value="23"/></item>
<item name="REV" rev="13">
<attrib name="value" value="2"/></item>
<item name="SR" rev="13">
<attrib name="value" value="16"/></item>
</group>
<group name="SLICEL_XORG">
<item name="0" rev="13">
<attrib name="value" value="17"/></item>
<item name="1" rev="13">
<attrib name="value" value="17"/></item>
<item name="O" rev="13">
<attrib name="value" value="17"/></item>
</group>
<group name="IOB_PAD">
<item name="PAD" rev="13">
<attrib name="value" value="63"/></item>
</group>
<group name="IOB">
<item name="I" rev="13">
<attrib name="value" value="35"/></item>
<item name="O1" rev="13">
<attrib name="value" value="28"/></item>
<item name="PAD" rev="13">
<attrib name="value" value="63"/></item>
</group>
<group name="BUFGMUX">
<item name="I0" rev="13">
<attrib name="value" value="1"/></item>
<item name="O" rev="13">
<attrib name="value" value="1"/></item>
<item name="S" rev="13">
<attrib name="value" value="1"/></item>
</group>
<group name="SLICEL_C2VDD">
<item name="1" rev="13">
<attrib name="value" value="2"/></item>
</group>
<group name="BUFGMUX_GCLK_BUFFER">
<item name="IN" rev="13">
<attrib name="value" value="1"/></item>
<item name="OUT" rev="13">
<attrib name="value" value="1"/></item>
</group>
<group name="SLICEL_F">
<item name="A1" rev="13">
<attrib name="value" value="67"/></item>
<item name="A2" rev="13">
<attrib name="value" value="50"/></item>
<item name="A3" rev="13">
<attrib name="value" value="40"/></item>
<item name="A4" rev="13">
<attrib name="value" value="38"/></item>
<item name="D" rev="13">
<attrib name="value" value="67"/></item>
</group>
<group name="SLICEL_F5MUX">
<item name="F" rev="13">
<attrib name="value" value="14"/></item>
<item name="G" rev="13">
<attrib name="value" value="14"/></item>
<item name="OUT" rev="13">
<attrib name="value" value="14"/></item>
<item name="S0" rev="13">
<attrib name="value" value="14"/></item>
</group>
<group name="SLICEL_G">
<item name="A1" rev="13">
<attrib name="value" value="69"/></item>
<item name="A2" rev="13">
<attrib name="value" value="52"/></item>
<item name="A3" rev="13">
<attrib name="value" value="42"/></item>
<item name="A4" rev="13">
<attrib name="value" value="38"/></item>
<item name="D" rev="13">
<attrib name="value" value="69"/></item>
</group>
<group name="SLICEL_GNDF">
<item name="0" rev="13">
<attrib name="value" value="16"/></item>
</group>
<group name="SLICEL_GNDG">
<item name="0" rev="13">
<attrib name="value" value="16"/></item>
</group>
</ReportPinData>
<CmdHistory>
</CmdHistory>
</DeviceUsageSummary>
